{
  "intercept": -0.5292792518768696,
  "w_h": 2.2030801766967976,
  "w_t": 0.605870768037234,
  "theta": 0.65,
  "theta_within2_all": 0.75,
  "theta_strict_non_green": 0.75
}