{
  "coef": 3.6372342022714625,
  "intercept": -8.943925253889915
}