{
  "val_auc_proxy": 0.8476387582314207,
  "val_ap_proxy": 0.09385798638693237,
  "platt_best_threshold": 0.37500000000000006,
  "platt_best_precision": 0.06756756756756757,
  "platt_best_recall": 0.8,
  "platt_best_f1": 0.12461059190031153,
  "platt_best_f2": 0.25252525252525254,
  "n_val": 1088,
  "pos_rate_proxy": 0.02297794117647059,
  "replay_dim": 38,
  "feat_cols": 26,
  "oversample_pos": 8,
  "pos_reward": 2.0,
  "neg_reward": -0.05,
  "cheap_boost": 1.3,
  "target_recall": 0.8
}